Whole Roasted Cauliflower with Smoked Paprika,https://images.media-allrecipes.com/userphotos/600x600/7745330.jpg,0
Air Fryer Chicken Taquitos,https://images.media-allrecipes.com/userphotos/600x600/7774033.jpg,0
Easy Peanut Butter Energy Balls,https://images.media-allrecipes.com/userphotos/600x600/7823065.jpg,0
Grandma's Chocolate Texas Sheet Cake,https://images.media-allrecipes.com/userphotos/600x600/2341793.jpg,0
Instant Pot速 Cabbage Roll Soup,https://images.media-allrecipes.com/userphotos/600x600/7721224.jpg,0
Air Fryer Chicken Cordon Bleu,https://images.media-allrecipes.com/userphotos/600x600/7728530.jpg,0
Instant Pot速 Taco Soup,https://images.media-allrecipes.com/userphotos/600x600/7723637.jpg,0
Ground Beef and Vegetable Stew,https://images.media-allrecipes.com/userphotos/600x600/7804794.jpg,0
Chocolate Guinness速 Bundt速 Cake with Whiskey Whipped Cream,https://images.media-allrecipes.com/userphotos/600x600/7769483.jpg,0
Banana-Nut Cake with Caramel Icing,https://images.media-allrecipes.com/userphotos/600x600/2140080.jpg,0
Green Moong Dal,https://images.media-allrecipes.com/userphotos/560x315/5170388.jpg,0
Korma,https://images.media-allrecipes.com/userphotos/720x405/7992105.jpg,0
Pizza Dough,https://images.media-allrecipes.com/userphotos/560x315/2580346.jpg,0
Indian Chicken Saag,https://images.media-allrecipes.com/userphotos/720x405/7071800.jpg,0
Mexican Taco Meatloaf,https://imagesvc.meredithcorp.io/v3/mm/image?url=https%3A%2F%2Fimages.media-allrecipes.com%2Fuserphotos%2F7245693.jpg,0
Vegan Black Bean Quesadillas,https://images.media-allrecipes.com/userphotos/720x405/821941.jpg,0
Gluten-Free Turkey Meatballs,https://imagesvc.meredithcorp.io/v3/mm/image?url=https%3A%2F%2Fimages.media-allrecipes.com%2Fuserphotos%2F3322508.jpg&w=639&h=639&c=sc&poi=face&q=85,0
Grilled Teriyaki Shrimp and Pineapple Skewers,https://images.media-allrecipes.com/userphotos/720x405/6884311.jpg,0
Slow Cooker Chipotle Chili,https://imagesvc.meredithcorp.io/v3/mm/image?url=https%3A%2F%2Fimages.media-allrecipes.com%2Fuserphotos%2F5839449.jpg,0
Slow Cooker Lemon Garlic Chicken II,https://imagesvc.meredithcorp.io/v3/mm/image?url=https%3A%2F%2Fimages.media-allrecipes.com%2Fuserphotos%2F3672851.jpg&w=596&h=596&c=sc&poi=face&q=85,0
Homemade Black Bean Vegetarian Burger,https://images.media-allrecipes.com/userphotos/720x405/4548470.jpg,0
Egg-Free Dairy-Free Nut-Free Cake,https://imagesvc.meredithcorp.io/v3/mm/image?url=https%3A%2F%2Fimages.media-allrecipes.com%2Fuserphotos%2F4140954.jpg&w=596&h=792.6800000000001&c=sc&poi=face&q=85,0
Vegan Banana Muffinsm,https://imagesvc.meredithcorp.io/v3/mm/image?url=https%3A%2F%2Fimages.media-allrecipes.com%2Fuserphotos%2F4578898.jpg&w=596&h=596&c=sc&poi=face&q=85,0
Vegan Chocolate Cake,https://imagesvc.meredithcorp.io/v3/mm/image?url=https%3A%2F%2Fimages.media-allrecipes.com%2Fuserphotos%2F60971.jpg&w=596&h=596&c=sc&poi=face&q=85,0
Vegan Black Bean Soup,https://images.media-allrecipes.com/userphotos/720x405/6708135.jpg,0
Vegan Cupcakes,https://imagesvc.meredithcorp.io/v3/mm/image?url=https%3A%2F%2Fimages.media-allrecipes.com%2Fuserphotos%2F5731028.jpg&w=596&h=596&c=sc&poi=face&q=85,0
Vegetarian Korma,https://images.media-allrecipes.com/userphotos/720x405/3787267.jpg,0
The Best Vegetarian Chili in the World,https://images.media-allrecipes.com/userphotos/720x405/4565674.jpg,0
Vegetarian Mexican Inspired Stuffed Peppers,https://images.media-allrecipes.com/userphotos/720x405/972823.jpg,0
Vegetarian Bibimbap,https://images.media-allrecipes.com/userphotos/720x405/882007.jpg,0
Delicious Gluten-Free Pancakes,https://images.media-allrecipes.com/userphotos/720x405/385145.jpg,0
Gluten-Free White Bread,https://imagesvc.meredithcorp.io/v3/mm/image?url=https%3A%2F%2Fimages.media-allrecipes.com%2Fuserphotos%2F5343748.jpg&w=596&h=399.32000000000005&c=sc&poi=face&q=85,0
Gluten-Free Yellow Cake,https://imagesvc.meredithcorp.io/v3/mm/image?url=https%3A%2F%2Fimages.media-allrecipes.com%2Fuserphotos%2F34272.jpg&w=596&h=399.32000000000005&c=sc&poi=face&q=85,0
Gluten-Free Dairy-Free Brownies,https://imagesvc.meredithcorp.io/v3/mm/image?url=https%3A%2F%2Fimages.media-allrecipes.com%2Fuserphotos%2F6352021.jpg&w=1200&h=678&c=sc&poi=face&q=85,0
Nut-Free Macarons,https://imagesvc.meredithcorp.io/v3/mm/image?url=https%3A%2F%2Fimages.media-allrecipes.com%2Fuserphotos%2F5434991.jpg&w=1200&h=678&c=sc&poi=face&q=85,0
Nut-Free Vegan Agave Cornbread Muffins,https://imagesvc.meredithcorp.io/v3/mm/image?url=https%3A%2F%2Fimages.media-allrecipes.com%2Fuserphotos%2F5495143.jpg&w=1200&h=678&c=sc&poi=face&q=85,0
Pesto Pesto Sauce (Nut Free or Dairy Free),https://imagesvc.meredithcorp.io/v3/mm/image?url=https%3A%2F%2Fimages.media-allrecipes.com%2Fuserphotos%2F5297574.jpg&w=1200&h=678&c=sc&poi=face&q=85,0
Nut-Free Banana Muffins II,https://imagesvc.meredithcorp.io/v3/mm/image?url=https%3A%2F%2Fimages.media-allrecipes.com%2Fuserphotos%2F3931290.jpg&w=1200&h=678&c=sc&poi=face&q=85,0
Dairy-Free Coconut Rice Pudding,https://images.media-allrecipes.com/userphotos/125x70/7207217.jpg,0
Dairy-Free Biscuits,https://imagesvc.meredithcorp.io/v3/mm/image?url=https%3A%2F%2Fimages.media-allrecipes.com%2Fuserphotos%2F6628385.jpg&w=1200&h=678&c=sc&poi=face&q=85,0
Gluten-Free Dairy-Free Coconut Brownies,https://imagesvc.meredithcorp.io/v3/mm/image?url=https%3A%2F%2Fimages.media-allrecipes.com%2Fuserphotos%2F3684539.jpg&w=1200&h=678&c=sc&poi=face&q=85,0
